Position:,Industry:,Length (Years):
Administration,"Air, Aerospace & Defense",0 - 2
Administration,"Air, Aerospace & Defense",2 - 3
Administration,"Air, Aerospace & Defense",3 - 5
Administration,"Air, Aerospace & Defense",5 - 10
Administration,"Air, Aerospace & Defense",10+
Administration,Automotive,0 - 2
Administration,Automotive,2 - 3
Administration,Automotive,3 - 5
Administration,Automotive,5 - 10
Administration,Automotive,10+
Administration,Building Products,0 - 2
Administration,Building Products,2 - 3
Administration,Building Products,3 - 5
Administration,Building Products,5 - 10
Administration,Building Products,10+
Administration,Capital Markets,0 - 2
Administration,Capital Markets,2 - 3
Administration,Capital Markets,3 - 5
Administration,Capital Markets,5 - 10
Administration,Capital Markets,10+
Administration,Commercial Services & Supplies,0 - 2
Administration,Commercial Services & Supplies,2 - 3
Administration,Commercial Services & Supplies,3 - 5
Administration,Commercial Services & Supplies,5 - 10
Administration,Commercial Services & Supplies,10+
Administration,Communications Equipment,0 - 2
Administration,Communications Equipment,2 - 3
Administration,Communications Equipment,3 - 5
Administration,Communications Equipment,5 - 10
Administration,Communications Equipment,10+
Administration,Consumer Services,0 - 2
Administration,Consumer Services,2 - 3
Administration,Consumer Services,3 - 5
Administration,Consumer Services,5 - 10
Administration,Consumer Services,10+
Administration,Finance,0 - 2
Administration,Finance,2 - 3
Administration,Finance,3 - 5
Administration,Finance,5 - 10
Administration,Finance,10+
Administration,Electronics,0 - 2
Administration,Electronics,2 - 3
Administration,Electronics,3 - 5
Administration,Electronics,5 - 10
Administration,Electronics,10+
Administration,Energy,0 - 2
Administration,Energy,2 - 3
Administration,Energy,3 - 5
Administration,Energy,5 - 10
Administration,Energy,10+
Administration,Food & Beverages,0 - 2
Administration,Food & Beverages,2 - 3
Administration,Food & Beverages,3 - 5
Administration,Food & Beverages,5 - 10
Administration,Food & Beverages,10+
Administration,Health Care,0 - 2
Administration,Health Care,2 - 3
Administration,Health Care,3 - 5
Administration,Health Care,5 - 10
Administration,Health Care,10+
Administration,Hospitality,0 - 2
Administration,Hospitality,2 - 3
Administration,Hospitality,3 - 5
Administration,Hospitality,5 - 10
Administration,Hospitality,10+
Administration,Information Technology,0 - 2
Administration,Information Technology,2 - 3
Administration,Information Technology,3 - 5
Administration,Information Technology,5 - 10
Administration,Information Technology,10+
Administration,Industrial Conglomerates,0 - 2
Administration,Industrial Conglomerates,2 - 3
Administration,Industrial Conglomerates,3 - 5
Administration,Industrial Conglomerates,5 - 10
Administration,Industrial Conglomerates,10+
Administration,Leisure Products,0 - 2
Administration,Leisure Products,2 - 3
Administration,Leisure Products,3 - 5
Administration,Leisure Products,5 - 10
Administration,Leisure Products,10+
Administration,Life Sciences,0 - 2
Administration,Life Sciences,2 - 3
Administration,Life Sciences,3 - 5
Administration,Life Sciences,5 - 10
Administration,Life Sciences,10+
Administration,Machinery,0 - 2
Administration,Machinery,2 - 3
Administration,Machinery,3 - 5
Administration,Machinery,5 - 10
Administration,Machinery,10+
Administration,Media,0 - 2
Administration,Media,2 - 3
Administration,Media,3 - 5
Administration,Media,5 - 10
Administration,Media,10+
Administration,Personal Products,0 - 2
Administration,Personal Products,2 - 3
Administration,Personal Products,3 - 5
Administration,Personal Products,5 - 10
Administration,Personal Products,10+
Administration,Professional Services,0 - 2
Administration,Professional Services,2 - 3
Administration,Professional Services,3 - 5
Administration,Professional Services,5 - 10
Administration,Professional Services,10+
Administration,Retail,0 - 2
Administration,Retail,2 - 3
Administration,Retail,3 - 5
Administration,Retail,5 - 10
Administration,Retail,10+
Administration,Real Estate,0 - 2
Administration,Real Estate,2 - 3
Administration,Real Estate,3 - 5
Administration,Real Estate,5 - 10
Administration,Real Estate,10+
Administration,Road & Rail,0 - 2
Administration,Road & Rail,2 - 3
Administration,Road & Rail,3 - 5
Administration,Road & Rail,5 - 10
Administration,Road & Rail,10+
Administration,Software,0 - 2
Administration,Software,2 - 3
Administration,Software,3 - 5
Administration,Software,5 - 10
Administration,Software,10+
Administration,"Textiles, Apparel & Luxury Goods",0 - 2
Administration,"Textiles, Apparel & Luxury Goods",2 - 3
Administration,"Textiles, Apparel & Luxury Goods",3 - 5
Administration,"Textiles, Apparel & Luxury Goods",5 - 10
Administration,"Textiles, Apparel & Luxury Goods",10+
Administration,Tobacco,0 - 2
Administration,Tobacco,2 - 3
Administration,Tobacco,3 - 5
Administration,Tobacco,5 - 10
Administration,Tobacco,10+
Administration,Trading,0 - 2
Administration,Trading,2 - 3
Administration,Trading,3 - 5
Administration,Trading,5 - 10
Administration,Trading,10+
Administration,Transportation,0 - 2
Administration,Transportation,2 - 3
Administration,Transportation,3 - 5
Administration,Transportation,5 - 10
Administration,Transportation,10+
Administration,Other,0 - 2
Administration,Other,2 - 3
Administration,Other,3 - 5
Administration,Other,5 - 10
Administration,Other,10+
Business Consultant,"Air, Aerospace & Defense",0 - 2
Business Consultant,"Air, Aerospace & Defense",2 - 3
Business Consultant,"Air, Aerospace & Defense",3 - 5
Business Consultant,"Air, Aerospace & Defense",5 - 10
Business Consultant,"Air, Aerospace & Defense",10+
Business Consultant,Automotive,0 - 2
Business Consultant,Automotive,2 - 3
Business Consultant,Automotive,3 - 5
Business Consultant,Automotive,5 - 10
Business Consultant,Automotive,10+
Business Consultant,Building Products,0 - 2
Business Consultant,Building Products,2 - 3
Business Consultant,Building Products,3 - 5
Business Consultant,Building Products,5 - 10
Business Consultant,Building Products,10+
Business Consultant,Capital Markets,0 - 2
Business Consultant,Capital Markets,2 - 3
Business Consultant,Capital Markets,3 - 5
Business Consultant,Capital Markets,5 - 10
Business Consultant,Capital Markets,10+
Business Consultant,Commercial Services & Supplies,0 - 2
Business Consultant,Commercial Services & Supplies,2 - 3
Business Consultant,Commercial Services & Supplies,3 - 5
Business Consultant,Commercial Services & Supplies,5 - 10
Business Consultant,Commercial Services & Supplies,10+
Business Consultant,Communications Equipment,0 - 2
Business Consultant,Communications Equipment,2 - 3
Business Consultant,Communications Equipment,3 - 5
Business Consultant,Communications Equipment,5 - 10
Business Consultant,Communications Equipment,10+
Business Consultant,Consumer Services,0 - 2
Business Consultant,Consumer Services,2 - 3
Business Consultant,Consumer Services,3 - 5
Business Consultant,Consumer Services,5 - 10
Business Consultant,Consumer Services,10+
Business Consultant,Finance,0 - 2
Business Consultant,Finance,2 - 3
Business Consultant,Finance,3 - 5
Business Consultant,Finance,5 - 10
Business Consultant,Finance,10+
Business Consultant,Electronics,0 - 2
Business Consultant,Electronics,2 - 3
Business Consultant,Electronics,3 - 5
Business Consultant,Electronics,5 - 10
Business Consultant,Electronics,10+
Business Consultant,Energy,0 - 2
Business Consultant,Energy,2 - 3
Business Consultant,Energy,3 - 5
Business Consultant,Energy,5 - 10
Business Consultant,Energy,10+
Business Consultant,Food & Beverages,0 - 2
Business Consultant,Food & Beverages,2 - 3
Business Consultant,Food & Beverages,3 - 5
Business Consultant,Food & Beverages,5 - 10
Business Consultant,Food & Beverages,10+
Business Consultant,Health Care,0 - 2
Business Consultant,Health Care,2 - 3
Business Consultant,Health Care,3 - 5
Business Consultant,Health Care,5 - 10
Business Consultant,Health Care,10+
Business Consultant,Hospitality,0 - 2
Business Consultant,Hospitality,2 - 3
Business Consultant,Hospitality,3 - 5
Business Consultant,Hospitality,5 - 10
Business Consultant,Hospitality,10+
Business Consultant,Information Technology,0 - 2
Business Consultant,Information Technology,2 - 3
Business Consultant,Information Technology,3 - 5
Business Consultant,Information Technology,5 - 10
Business Consultant,Information Technology,10+
Business Consultant,Industrial Conglomerates,0 - 2
Business Consultant,Industrial Conglomerates,2 - 3
Business Consultant,Industrial Conglomerates,3 - 5
Business Consultant,Industrial Conglomerates,5 - 10
Business Consultant,Industrial Conglomerates,10+
Business Consultant,Leisure Products,0 - 2
Business Consultant,Leisure Products,2 - 3
Business Consultant,Leisure Products,3 - 5
Business Consultant,Leisure Products,5 - 10
Business Consultant,Leisure Products,10+
Business Consultant,Life Sciences,0 - 2
Business Consultant,Life Sciences,2 - 3
Business Consultant,Life Sciences,3 - 5
Business Consultant,Life Sciences,5 - 10
Business Consultant,Life Sciences,10+
Business Consultant,Machinery,0 - 2
Business Consultant,Machinery,2 - 3
Business Consultant,Machinery,3 - 5
Business Consultant,Machinery,5 - 10
Business Consultant,Machinery,10+
Business Consultant,Media,0 - 2
Business Consultant,Media,2 - 3
Business Consultant,Media,3 - 5
Business Consultant,Media,5 - 10
Business Consultant,Media,10+
Business Consultant,Personal Products,0 - 2
Business Consultant,Personal Products,2 - 3
Business Consultant,Personal Products,3 - 5
Business Consultant,Personal Products,5 - 10
Business Consultant,Personal Products,10+
Business Consultant,Professional Services,0 - 2
Business Consultant,Professional Services,2 - 3
Business Consultant,Professional Services,3 - 5
Business Consultant,Professional Services,5 - 10
Business Consultant,Professional Services,10+
Business Consultant,Retail,0 - 2
Business Consultant,Retail,2 - 3
Business Consultant,Retail,3 - 5
Business Consultant,Retail,5 - 10
Business Consultant,Retail,10+
Business Consultant,Real Estate,0 - 2
Business Consultant,Real Estate,2 - 3
Business Consultant,Real Estate,3 - 5
Business Consultant,Real Estate,5 - 10
Business Consultant,Real Estate,10+
Business Consultant,Road & Rail,0 - 2
Business Consultant,Road & Rail,2 - 3
Business Consultant,Road & Rail,3 - 5
Business Consultant,Road & Rail,5 - 10
Business Consultant,Road & Rail,10+
Business Consultant,Software,0 - 2
Business Consultant,Software,2 - 3
Business Consultant,Software,3 - 5
Business Consultant,Software,5 - 10
Business Consultant,Software,10+
Business Consultant,"Textiles, Apparel & Luxury Goods",0 - 2
Business Consultant,"Textiles, Apparel & Luxury Goods",2 - 3
Business Consultant,"Textiles, Apparel & Luxury Goods",3 - 5
Business Consultant,"Textiles, Apparel & Luxury Goods",5 - 10
Business Consultant,"Textiles, Apparel & Luxury Goods",10+
Business Consultant,Tobacco,0 - 2
Business Consultant,Tobacco,2 - 3
Business Consultant,Tobacco,3 - 5
Business Consultant,Tobacco,5 - 10
Business Consultant,Tobacco,10+
Business Consultant,Trading,0 - 2
Business Consultant,Trading,2 - 3
Business Consultant,Trading,3 - 5
Business Consultant,Trading,5 - 10
Business Consultant,Trading,10+
Business Consultant,Transportation,0 - 2
Business Consultant,Transportation,2 - 3
Business Consultant,Transportation,3 - 5
Business Consultant,Transportation,5 - 10
Business Consultant,Transportation,10+
Business Consultant,Other,0 - 2
Business Consultant,Other,2 - 3
Business Consultant,Other,3 - 5
Business Consultant,Other,5 - 10
Business Consultant,Other,10+
Civil Servant,"Air, Aerospace & Defense",0 - 2
Civil Servant,"Air, Aerospace & Defense",2 - 3
Civil Servant,"Air, Aerospace & Defense",3 - 5
Civil Servant,"Air, Aerospace & Defense",5 - 10
Civil Servant,"Air, Aerospace & Defense",10+
Civil Servant,Automotive,0 - 2
Civil Servant,Automotive,2 - 3
Civil Servant,Automotive,3 - 5
Civil Servant,Automotive,5 - 10
Civil Servant,Automotive,10+
Civil Servant,Building Products,0 - 2
Civil Servant,Building Products,2 - 3
Civil Servant,Building Products,3 - 5
Civil Servant,Building Products,5 - 10
Civil Servant,Building Products,10+
Civil Servant,Capital Markets,0 - 2
Civil Servant,Capital Markets,2 - 3
Civil Servant,Capital Markets,3 - 5
Civil Servant,Capital Markets,5 - 10
Civil Servant,Capital Markets,10+
Civil Servant,Commercial Services & Supplies,0 - 2
Civil Servant,Commercial Services & Supplies,2 - 3
Civil Servant,Commercial Services & Supplies,3 - 5
Civil Servant,Commercial Services & Supplies,5 - 10
Civil Servant,Commercial Services & Supplies,10+
Civil Servant,Communications Equipment,0 - 2
Civil Servant,Communications Equipment,2 - 3
Civil Servant,Communications Equipment,3 - 5
Civil Servant,Communications Equipment,5 - 10
Civil Servant,Communications Equipment,10+
Civil Servant,Consumer Services,0 - 2
Civil Servant,Consumer Services,2 - 3
Civil Servant,Consumer Services,3 - 5
Civil Servant,Consumer Services,5 - 10
Civil Servant,Consumer Services,10+
Civil Servant,Finance,0 - 2
Civil Servant,Finance,2 - 3
Civil Servant,Finance,3 - 5
Civil Servant,Finance,5 - 10
Civil Servant,Finance,10+
Civil Servant,Electronics,0 - 2
Civil Servant,Electronics,2 - 3
Civil Servant,Electronics,3 - 5
Civil Servant,Electronics,5 - 10
Civil Servant,Electronics,10+
Civil Servant,Energy,0 - 2
Civil Servant,Energy,2 - 3
Civil Servant,Energy,3 - 5
Civil Servant,Energy,5 - 10
Civil Servant,Energy,10+
Civil Servant,Food & Beverages,0 - 2
Civil Servant,Food & Beverages,2 - 3
Civil Servant,Food & Beverages,3 - 5
Civil Servant,Food & Beverages,5 - 10
Civil Servant,Food & Beverages,10+
Civil Servant,Health Care,0 - 2
Civil Servant,Health Care,2 - 3
Civil Servant,Health Care,3 - 5
Civil Servant,Health Care,5 - 10
Civil Servant,Health Care,10+
Civil Servant,Hospitality,0 - 2
Civil Servant,Hospitality,2 - 3
Civil Servant,Hospitality,3 - 5
Civil Servant,Hospitality,5 - 10
Civil Servant,Hospitality,10+
Civil Servant,Information Technology,0 - 2
Civil Servant,Information Technology,2 - 3
Civil Servant,Information Technology,3 - 5
Civil Servant,Information Technology,5 - 10
Civil Servant,Information Technology,10+
Civil Servant,Industrial Conglomerates,0 - 2
Civil Servant,Industrial Conglomerates,2 - 3
Civil Servant,Industrial Conglomerates,3 - 5
Civil Servant,Industrial Conglomerates,5 - 10
Civil Servant,Industrial Conglomerates,10+
Civil Servant,Leisure Products,0 - 2
Civil Servant,Leisure Products,2 - 3
Civil Servant,Leisure Products,3 - 5
Civil Servant,Leisure Products,5 - 10
Civil Servant,Leisure Products,10+
Civil Servant,Life Sciences,0 - 2
Civil Servant,Life Sciences,2 - 3
Civil Servant,Life Sciences,3 - 5
Civil Servant,Life Sciences,5 - 10
Civil Servant,Life Sciences,10+
Civil Servant,Machinery,0 - 2
Civil Servant,Machinery,2 - 3
Civil Servant,Machinery,3 - 5
Civil Servant,Machinery,5 - 10
Civil Servant,Machinery,10+
Civil Servant,Media,0 - 2
Civil Servant,Media,2 - 3
Civil Servant,Media,3 - 5
Civil Servant,Media,5 - 10
Civil Servant,Media,10+
Civil Servant,Personal Products,0 - 2
Civil Servant,Personal Products,2 - 3
Civil Servant,Personal Products,3 - 5
Civil Servant,Personal Products,5 - 10
Civil Servant,Personal Products,10+
Civil Servant,Professional Services,0 - 2
Civil Servant,Professional Services,2 - 3
Civil Servant,Professional Services,3 - 5
Civil Servant,Professional Services,5 - 10
Civil Servant,Professional Services,10+
Civil Servant,Retail,0 - 2
Civil Servant,Retail,2 - 3
Civil Servant,Retail,3 - 5
Civil Servant,Retail,5 - 10
Civil Servant,Retail,10+
Civil Servant,Real Estate,0 - 2
Civil Servant,Real Estate,2 - 3
Civil Servant,Real Estate,3 - 5
Civil Servant,Real Estate,5 - 10
Civil Servant,Real Estate,10+
Civil Servant,Road & Rail,0 - 2
Civil Servant,Road & Rail,2 - 3
Civil Servant,Road & Rail,3 - 5
Civil Servant,Road & Rail,5 - 10
Civil Servant,Road & Rail,10+
Civil Servant,Software,0 - 2
Civil Servant,Software,2 - 3
Civil Servant,Software,3 - 5
Civil Servant,Software,5 - 10
Civil Servant,Software,10+
Civil Servant,"Textiles, Apparel & Luxury Goods",0 - 2
Civil Servant,"Textiles, Apparel & Luxury Goods",2 - 3
Civil Servant,"Textiles, Apparel & Luxury Goods",3 - 5
Civil Servant,"Textiles, Apparel & Luxury Goods",5 - 10
Civil Servant,"Textiles, Apparel & Luxury Goods",10+
Civil Servant,Tobacco,0 - 2
Civil Servant,Tobacco,2 - 3
Civil Servant,Tobacco,3 - 5
Civil Servant,Tobacco,5 - 10
Civil Servant,Tobacco,10+
Civil Servant,Trading,0 - 2
Civil Servant,Trading,2 - 3
Civil Servant,Trading,3 - 5
Civil Servant,Trading,5 - 10
Civil Servant,Trading,10+
Civil Servant,Transportation,0 - 2
Civil Servant,Transportation,2 - 3
Civil Servant,Transportation,3 - 5
Civil Servant,Transportation,5 - 10
Civil Servant,Transportation,10+
Civil Servant,Other,0 - 2
Civil Servant,Other,2 - 3
Civil Servant,Other,3 - 5
Civil Servant,Other,5 - 10
Civil Servant,Other,10+
Corporate Management,"Air, Aerospace & Defense",0 - 2
Corporate Management,"Air, Aerospace & Defense",2 - 3
Corporate Management,"Air, Aerospace & Defense",3 - 5
Corporate Management,"Air, Aerospace & Defense",5 - 10
Corporate Management,"Air, Aerospace & Defense",10+
Corporate Management,Automotive,0 - 2
Corporate Management,Automotive,2 - 3
Corporate Management,Automotive,3 - 5
Corporate Management,Automotive,5 - 10
Corporate Management,Automotive,10+
Corporate Management,Building Products,0 - 2
Corporate Management,Building Products,2 - 3
Corporate Management,Building Products,3 - 5
Corporate Management,Building Products,5 - 10
Corporate Management,Building Products,10+
Corporate Management,Capital Markets,0 - 2
Corporate Management,Capital Markets,2 - 3
Corporate Management,Capital Markets,3 - 5
Corporate Management,Capital Markets,5 - 10
Corporate Management,Capital Markets,10+
Corporate Management,Commercial Services & Supplies,0 - 2
Corporate Management,Commercial Services & Supplies,2 - 3
Corporate Management,Commercial Services & Supplies,3 - 5
Corporate Management,Commercial Services & Supplies,5 - 10
Corporate Management,Commercial Services & Supplies,10+
Corporate Management,Communications Equipment,0 - 2
Corporate Management,Communications Equipment,2 - 3
Corporate Management,Communications Equipment,3 - 5
Corporate Management,Communications Equipment,5 - 10
Corporate Management,Communications Equipment,10+
Corporate Management,Consumer Services,0 - 2
Corporate Management,Consumer Services,2 - 3
Corporate Management,Consumer Services,3 - 5
Corporate Management,Consumer Services,5 - 10
Corporate Management,Consumer Services,10+
Corporate Management,Finance,0 - 2
Corporate Management,Finance,2 - 3
Corporate Management,Finance,3 - 5
Corporate Management,Finance,5 - 10
Corporate Management,Finance,10+
Corporate Management,Electronics,0 - 2
Corporate Management,Electronics,2 - 3
Corporate Management,Electronics,3 - 5
Corporate Management,Electronics,5 - 10
Corporate Management,Electronics,10+
Corporate Management,Energy,0 - 2
Corporate Management,Energy,2 - 3
Corporate Management,Energy,3 - 5
Corporate Management,Energy,5 - 10
Corporate Management,Energy,10+
Corporate Management,Food & Beverages,0 - 2
Corporate Management,Food & Beverages,2 - 3
Corporate Management,Food & Beverages,3 - 5
Corporate Management,Food & Beverages,5 - 10
Corporate Management,Food & Beverages,10+
Corporate Management,Health Care,0 - 2
Corporate Management,Health Care,2 - 3
Corporate Management,Health Care,3 - 5
Corporate Management,Health Care,5 - 10
Corporate Management,Health Care,10+
Corporate Management,Hospitality,0 - 2
Corporate Management,Hospitality,2 - 3
Corporate Management,Hospitality,3 - 5
Corporate Management,Hospitality,5 - 10
Corporate Management,Hospitality,10+
Corporate Management,Information Technology,0 - 2
Corporate Management,Information Technology,2 - 3
Corporate Management,Information Technology,3 - 5
Corporate Management,Information Technology,5 - 10
Corporate Management,Information Technology,10+
Corporate Management,Industrial Conglomerates,0 - 2
Corporate Management,Industrial Conglomerates,2 - 3
Corporate Management,Industrial Conglomerates,3 - 5
Corporate Management,Industrial Conglomerates,5 - 10
Corporate Management,Industrial Conglomerates,10+
Corporate Management,Leisure Products,0 - 2
Corporate Management,Leisure Products,2 - 3
Corporate Management,Leisure Products,3 - 5
Corporate Management,Leisure Products,5 - 10
Corporate Management,Leisure Products,10+
Corporate Management,Life Sciences,0 - 2
Corporate Management,Life Sciences,2 - 3
Corporate Management,Life Sciences,3 - 5
Corporate Management,Life Sciences,5 - 10
Corporate Management,Life Sciences,10+
Corporate Management,Machinery,0 - 2
Corporate Management,Machinery,2 - 3
Corporate Management,Machinery,3 - 5
Corporate Management,Machinery,5 - 10
Corporate Management,Machinery,10+
Corporate Management,Media,0 - 2
Corporate Management,Media,2 - 3
Corporate Management,Media,3 - 5
Corporate Management,Media,5 - 10
Corporate Management,Media,10+
Corporate Management,Personal Products,0 - 2
Corporate Management,Personal Products,2 - 3
Corporate Management,Personal Products,3 - 5
Corporate Management,Personal Products,5 - 10
Corporate Management,Personal Products,10+
Corporate Management,Professional Services,0 - 2
Corporate Management,Professional Services,2 - 3
Corporate Management,Professional Services,3 - 5
Corporate Management,Professional Services,5 - 10
Corporate Management,Professional Services,10+
Corporate Management,Retail,0 - 2
Corporate Management,Retail,2 - 3
Corporate Management,Retail,3 - 5
Corporate Management,Retail,5 - 10
Corporate Management,Retail,10+
Corporate Management,Real Estate,0 - 2
Corporate Management,Real Estate,2 - 3
Corporate Management,Real Estate,3 - 5
Corporate Management,Real Estate,5 - 10
Corporate Management,Real Estate,10+
Corporate Management,Road & Rail,0 - 2
Corporate Management,Road & Rail,2 - 3
Corporate Management,Road & Rail,3 - 5
Corporate Management,Road & Rail,5 - 10
Corporate Management,Road & Rail,10+
Corporate Management,Software,0 - 2
Corporate Management,Software,2 - 3
Corporate Management,Software,3 - 5
Corporate Management,Software,5 - 10
Corporate Management,Software,10+
Corporate Management,"Textiles, Apparel & Luxury Goods",0 - 2
Corporate Management,"Textiles, Apparel & Luxury Goods",2 - 3
Corporate Management,"Textiles, Apparel & Luxury Goods",3 - 5
Corporate Management,"Textiles, Apparel & Luxury Goods",5 - 10
Corporate Management,"Textiles, Apparel & Luxury Goods",10+
Corporate Management,Tobacco,0 - 2
Corporate Management,Tobacco,2 - 3
Corporate Management,Tobacco,3 - 5
Corporate Management,Tobacco,5 - 10
Corporate Management,Tobacco,10+
Corporate Management,Trading,0 - 2
Corporate Management,Trading,2 - 3
Corporate Management,Trading,3 - 5
Corporate Management,Trading,5 - 10
Corporate Management,Trading,10+
Corporate Management,Transportation,0 - 2
Corporate Management,Transportation,2 - 3
Corporate Management,Transportation,3 - 5
Corporate Management,Transportation,5 - 10
Corporate Management,Transportation,10+
Corporate Management,Other,0 - 2
Corporate Management,Other,2 - 3
Corporate Management,Other,3 - 5
Corporate Management,Other,5 - 10
Corporate Management,Other,10+
Doctor,"Air, Aerospace & Defense",0 - 2
Doctor,"Air, Aerospace & Defense",2 - 3
Doctor,"Air, Aerospace & Defense",3 - 5
Doctor,"Air, Aerospace & Defense",5 - 10
Doctor,"Air, Aerospace & Defense",10+
Doctor,Automotive,0 - 2
Doctor,Automotive,2 - 3
Doctor,Automotive,3 - 5
Doctor,Automotive,5 - 10
Doctor,Automotive,10+
Doctor,Building Products,0 - 2
Doctor,Building Products,2 - 3
Doctor,Building Products,3 - 5
Doctor,Building Products,5 - 10
Doctor,Building Products,10+
Doctor,Capital Markets,0 - 2
Doctor,Capital Markets,2 - 3
Doctor,Capital Markets,3 - 5
Doctor,Capital Markets,5 - 10
Doctor,Capital Markets,10+
Doctor,Commercial Services & Supplies,0 - 2
Doctor,Commercial Services & Supplies,2 - 3
Doctor,Commercial Services & Supplies,3 - 5
Doctor,Commercial Services & Supplies,5 - 10
Doctor,Commercial Services & Supplies,10+
Doctor,Communications Equipment,0 - 2
Doctor,Communications Equipment,2 - 3
Doctor,Communications Equipment,3 - 5
Doctor,Communications Equipment,5 - 10
Doctor,Communications Equipment,10+
Doctor,Consumer Services,0 - 2
Doctor,Consumer Services,2 - 3
Doctor,Consumer Services,3 - 5
Doctor,Consumer Services,5 - 10
Doctor,Consumer Services,10+
Doctor,Finance,0 - 2
Doctor,Finance,2 - 3
Doctor,Finance,3 - 5
Doctor,Finance,5 - 10
Doctor,Finance,10+
Doctor,Electronics,0 - 2
Doctor,Electronics,2 - 3
Doctor,Electronics,3 - 5
Doctor,Electronics,5 - 10
Doctor,Electronics,10+
Doctor,Energy,0 - 2
Doctor,Energy,2 - 3
Doctor,Energy,3 - 5
Doctor,Energy,5 - 10
Doctor,Energy,10+
Doctor,Food & Beverages,0 - 2
Doctor,Food & Beverages,2 - 3
Doctor,Food & Beverages,3 - 5
Doctor,Food & Beverages,5 - 10
Doctor,Food & Beverages,10+
Doctor,Health Care,0 - 2
Doctor,Health Care,2 - 3
Doctor,Health Care,3 - 5
Doctor,Health Care,5 - 10
Doctor,Health Care,10+
Doctor,Hospitality,0 - 2
Doctor,Hospitality,2 - 3
Doctor,Hospitality,3 - 5
Doctor,Hospitality,5 - 10
Doctor,Hospitality,10+
Doctor,Information Technology,0 - 2
Doctor,Information Technology,2 - 3
Doctor,Information Technology,3 - 5
Doctor,Information Technology,5 - 10
Doctor,Information Technology,10+
Doctor,Industrial Conglomerates,0 - 2
Doctor,Industrial Conglomerates,2 - 3
Doctor,Industrial Conglomerates,3 - 5
Doctor,Industrial Conglomerates,5 - 10
Doctor,Industrial Conglomerates,10+
Doctor,Leisure Products,0 - 2
Doctor,Leisure Products,2 - 3
Doctor,Leisure Products,3 - 5
Doctor,Leisure Products,5 - 10
Doctor,Leisure Products,10+
Doctor,Life Sciences,0 - 2
Doctor,Life Sciences,2 - 3
Doctor,Life Sciences,3 - 5
Doctor,Life Sciences,5 - 10
Doctor,Life Sciences,10+
Doctor,Machinery,0 - 2
Doctor,Machinery,2 - 3
Doctor,Machinery,3 - 5
Doctor,Machinery,5 - 10
Doctor,Machinery,10+
Doctor,Media,0 - 2
Doctor,Media,2 - 3
Doctor,Media,3 - 5
Doctor,Media,5 - 10
Doctor,Media,10+
Doctor,Personal Products,0 - 2
Doctor,Personal Products,2 - 3
Doctor,Personal Products,3 - 5
Doctor,Personal Products,5 - 10
Doctor,Personal Products,10+
Doctor,Professional Services,0 - 2
Doctor,Professional Services,2 - 3
Doctor,Professional Services,3 - 5
Doctor,Professional Services,5 - 10
Doctor,Professional Services,10+
Doctor,Retail,0 - 2
Doctor,Retail,2 - 3
Doctor,Retail,3 - 5
Doctor,Retail,5 - 10
Doctor,Retail,10+
Doctor,Real Estate,0 - 2
Doctor,Real Estate,2 - 3
Doctor,Real Estate,3 - 5
Doctor,Real Estate,5 - 10
Doctor,Real Estate,10+
Doctor,Road & Rail,0 - 2
Doctor,Road & Rail,2 - 3
Doctor,Road & Rail,3 - 5
Doctor,Road & Rail,5 - 10
Doctor,Road & Rail,10+
Doctor,Software,0 - 2
Doctor,Software,2 - 3
Doctor,Software,3 - 5
Doctor,Software,5 - 10
Doctor,Software,10+
Doctor,"Textiles, Apparel & Luxury Goods",0 - 2
Doctor,"Textiles, Apparel & Luxury Goods",2 - 3
Doctor,"Textiles, Apparel & Luxury Goods",3 - 5
Doctor,"Textiles, Apparel & Luxury Goods",5 - 10
Doctor,"Textiles, Apparel & Luxury Goods",10+
Doctor,Tobacco,0 - 2
Doctor,Tobacco,2 - 3
Doctor,Tobacco,3 - 5
Doctor,Tobacco,5 - 10
Doctor,Tobacco,10+
Doctor,Trading,0 - 2
Doctor,Trading,2 - 3
Doctor,Trading,3 - 5
Doctor,Trading,5 - 10
Doctor,Trading,10+
Doctor,Transportation,0 - 2
Doctor,Transportation,2 - 3
Doctor,Transportation,3 - 5
Doctor,Transportation,5 - 10
Doctor,Transportation,10+
Doctor,Other,0 - 2
Doctor,Other,2 - 3
Doctor,Other,3 - 5
Doctor,Other,5 - 10
Doctor,Other,10+
Marketing,"Air, Aerospace & Defense",0 - 2
Marketing,"Air, Aerospace & Defense",2 - 3
Marketing,"Air, Aerospace & Defense",3 - 5
Marketing,"Air, Aerospace & Defense",5 - 10
Marketing,"Air, Aerospace & Defense",10+
Marketing,Automotive,0 - 2
Marketing,Automotive,2 - 3
Marketing,Automotive,3 - 5
Marketing,Automotive,5 - 10
Marketing,Automotive,10+
Marketing,Building Products,0 - 2
Marketing,Building Products,2 - 3
Marketing,Building Products,3 - 5
Marketing,Building Products,5 - 10
Marketing,Building Products,10+
Marketing,Capital Markets,0 - 2
Marketing,Capital Markets,2 - 3
Marketing,Capital Markets,3 - 5
Marketing,Capital Markets,5 - 10
Marketing,Capital Markets,10+
Marketing,Commercial Services & Supplies,0 - 2
Marketing,Commercial Services & Supplies,2 - 3
Marketing,Commercial Services & Supplies,3 - 5
Marketing,Commercial Services & Supplies,5 - 10
Marketing,Commercial Services & Supplies,10+
Marketing,Communications Equipment,0 - 2
Marketing,Communications Equipment,2 - 3
Marketing,Communications Equipment,3 - 5
Marketing,Communications Equipment,5 - 10
Marketing,Communications Equipment,10+
Marketing,Consumer Services,0 - 2
Marketing,Consumer Services,2 - 3
Marketing,Consumer Services,3 - 5
Marketing,Consumer Services,5 - 10
Marketing,Consumer Services,10+
Marketing,Finance,0 - 2
Marketing,Finance,2 - 3
Marketing,Finance,3 - 5
Marketing,Finance,5 - 10
Marketing,Finance,10+
Marketing,Electronics,0 - 2
Marketing,Electronics,2 - 3
Marketing,Electronics,3 - 5
Marketing,Electronics,5 - 10
Marketing,Electronics,10+
Marketing,Energy,0 - 2
Marketing,Energy,2 - 3
Marketing,Energy,3 - 5
Marketing,Energy,5 - 10
Marketing,Energy,10+
Marketing,Food & Beverages,0 - 2
Marketing,Food & Beverages,2 - 3
Marketing,Food & Beverages,3 - 5
Marketing,Food & Beverages,5 - 10
Marketing,Food & Beverages,10+
Marketing,Health Care,0 - 2
Marketing,Health Care,2 - 3
Marketing,Health Care,3 - 5
Marketing,Health Care,5 - 10
Marketing,Health Care,10+
Marketing,Hospitality,0 - 2
Marketing,Hospitality,2 - 3
Marketing,Hospitality,3 - 5
Marketing,Hospitality,5 - 10
Marketing,Hospitality,10+
Marketing,Information Technology,0 - 2
Marketing,Information Technology,2 - 3
Marketing,Information Technology,3 - 5
Marketing,Information Technology,5 - 10
Marketing,Information Technology,10+
Marketing,Industrial Conglomerates,0 - 2
Marketing,Industrial Conglomerates,2 - 3
Marketing,Industrial Conglomerates,3 - 5
Marketing,Industrial Conglomerates,5 - 10
Marketing,Industrial Conglomerates,10+
Marketing,Leisure Products,0 - 2
Marketing,Leisure Products,2 - 3
Marketing,Leisure Products,3 - 5
Marketing,Leisure Products,5 - 10
Marketing,Leisure Products,10+
Marketing,Life Sciences,0 - 2
Marketing,Life Sciences,2 - 3
Marketing,Life Sciences,3 - 5
Marketing,Life Sciences,5 - 10
Marketing,Life Sciences,10+
Marketing,Machinery,0 - 2
Marketing,Machinery,2 - 3
Marketing,Machinery,3 - 5
Marketing,Machinery,5 - 10
Marketing,Machinery,10+
Marketing,Media,0 - 2
Marketing,Media,2 - 3
Marketing,Media,3 - 5
Marketing,Media,5 - 10
Marketing,Media,10+
Marketing,Personal Products,0 - 2
Marketing,Personal Products,2 - 3
Marketing,Personal Products,3 - 5
Marketing,Personal Products,5 - 10
Marketing,Personal Products,10+
Marketing,Professional Services,0 - 2
Marketing,Professional Services,2 - 3
Marketing,Professional Services,3 - 5
Marketing,Professional Services,5 - 10
Marketing,Professional Services,10+
Marketing,Retail,0 - 2
Marketing,Retail,2 - 3
Marketing,Retail,3 - 5
Marketing,Retail,5 - 10
Marketing,Retail,10+
Marketing,Real Estate,0 - 2
Marketing,Real Estate,2 - 3
Marketing,Real Estate,3 - 5
Marketing,Real Estate,5 - 10
Marketing,Real Estate,10+
Marketing,Road & Rail,0 - 2
Marketing,Road & Rail,2 - 3
Marketing,Road & Rail,3 - 5
Marketing,Road & Rail,5 - 10
Marketing,Road & Rail,10+
Marketing,Software,0 - 2
Marketing,Software,2 - 3
Marketing,Software,3 - 5
Marketing,Software,5 - 10
Marketing,Software,10+
Marketing,"Textiles, Apparel & Luxury Goods",0 - 2
Marketing,"Textiles, Apparel & Luxury Goods",2 - 3
Marketing,"Textiles, Apparel & Luxury Goods",3 - 5
Marketing,"Textiles, Apparel & Luxury Goods",5 - 10
Marketing,"Textiles, Apparel & Luxury Goods",10+
Marketing,Tobacco,0 - 2
Marketing,Tobacco,2 - 3
Marketing,Tobacco,3 - 5
Marketing,Tobacco,5 - 10
Marketing,Tobacco,10+
Marketing,Trading,0 - 2
Marketing,Trading,2 - 3
Marketing,Trading,3 - 5
Marketing,Trading,5 - 10
Marketing,Trading,10+
Marketing,Transportation,0 - 2
Marketing,Transportation,2 - 3
Marketing,Transportation,3 - 5
Marketing,Transportation,5 - 10
Marketing,Transportation,10+
Marketing,Other,0 - 2
Marketing,Other,2 - 3
Marketing,Other,3 - 5
Marketing,Other,5 - 10
Marketing,Other,10+
Other,"Air, Aerospace & Defense",0 - 2
Other,"Air, Aerospace & Defense",2 - 3
Other,"Air, Aerospace & Defense",3 - 5
Other,"Air, Aerospace & Defense",5 - 10
Other,"Air, Aerospace & Defense",10+
Other,Automotive,0 - 2
Other,Automotive,2 - 3
Other,Automotive,3 - 5
Other,Automotive,5 - 10
Other,Automotive,10+
Other,Building Products,0 - 2
Other,Building Products,2 - 3
Other,Building Products,3 - 5
Other,Building Products,5 - 10
Other,Building Products,10+
Other,Capital Markets,0 - 2
Other,Capital Markets,2 - 3
Other,Capital Markets,3 - 5
Other,Capital Markets,5 - 10
Other,Capital Markets,10+
Other,Commercial Services & Supplies,0 - 2
Other,Commercial Services & Supplies,2 - 3
Other,Commercial Services & Supplies,3 - 5
Other,Commercial Services & Supplies,5 - 10
Other,Commercial Services & Supplies,10+
Other,Communications Equipment,0 - 2
Other,Communications Equipment,2 - 3
Other,Communications Equipment,3 - 5
Other,Communications Equipment,5 - 10
Other,Communications Equipment,10+
Other,Consumer Services,0 - 2
Other,Consumer Services,2 - 3
Other,Consumer Services,3 - 5
Other,Consumer Services,5 - 10
Other,Consumer Services,10+
Other,Finance,0 - 2
Other,Finance,2 - 3
Other,Finance,3 - 5
Other,Finance,5 - 10
Other,Finance,10+
Other,Electronics,0 - 2
Other,Electronics,2 - 3
Other,Electronics,3 - 5
Other,Electronics,5 - 10
Other,Electronics,10+
Other,Energy,0 - 2
Other,Energy,2 - 3
Other,Energy,3 - 5
Other,Energy,5 - 10
Other,Energy,10+
Other,Food & Beverages,0 - 2
Other,Food & Beverages,2 - 3
Other,Food & Beverages,3 - 5
Other,Food & Beverages,5 - 10
Other,Food & Beverages,10+
Other,Health Care,0 - 2
Other,Health Care,2 - 3
Other,Health Care,3 - 5
Other,Health Care,5 - 10
Other,Health Care,10+
Other,Hospitality,0 - 2
Other,Hospitality,2 - 3
Other,Hospitality,3 - 5
Other,Hospitality,5 - 10
Other,Hospitality,10+
Other,Information Technology,0 - 2
Other,Information Technology,2 - 3
Other,Information Technology,3 - 5
Other,Information Technology,5 - 10
Other,Information Technology,10+
Other,Industrial Conglomerates,0 - 2
Other,Industrial Conglomerates,2 - 3
Other,Industrial Conglomerates,3 - 5
Other,Industrial Conglomerates,5 - 10
Other,Industrial Conglomerates,10+
Other,Leisure Products,0 - 2
Other,Leisure Products,2 - 3
Other,Leisure Products,3 - 5
Other,Leisure Products,5 - 10
Other,Leisure Products,10+
Other,Life Sciences,0 - 2
Other,Life Sciences,2 - 3
Other,Life Sciences,3 - 5
Other,Life Sciences,5 - 10
Other,Life Sciences,10+
Other,Machinery,0 - 2
Other,Machinery,2 - 3
Other,Machinery,3 - 5
Other,Machinery,5 - 10
Other,Machinery,10+
Other,Media,0 - 2
Other,Media,2 - 3
Other,Media,3 - 5
Other,Media,5 - 10
Other,Media,10+
Other,Personal Products,0 - 2
Other,Personal Products,2 - 3
Other,Personal Products,3 - 5
Other,Personal Products,5 - 10
Other,Personal Products,10+
Other,Professional Services,0 - 2
Other,Professional Services,2 - 3
Other,Professional Services,3 - 5
Other,Professional Services,5 - 10
Other,Professional Services,10+
Other,Retail,0 - 2
Other,Retail,2 - 3
Other,Retail,3 - 5
Other,Retail,5 - 10
Other,Retail,10+
Other,Real Estate,0 - 2
Other,Real Estate,2 - 3
Other,Real Estate,3 - 5
Other,Real Estate,5 - 10
Other,Real Estate,10+
Other,Road & Rail,0 - 2
Other,Road & Rail,2 - 3
Other,Road & Rail,3 - 5
Other,Road & Rail,5 - 10
Other,Road & Rail,10+
Other,Software,0 - 2
Other,Software,2 - 3
Other,Software,3 - 5
Other,Software,5 - 10
Other,Software,10+
Other,"Textiles, Apparel & Luxury Goods",0 - 2
Other,"Textiles, Apparel & Luxury Goods",2 - 3
Other,"Textiles, Apparel & Luxury Goods",3 - 5
Other,"Textiles, Apparel & Luxury Goods",5 - 10
Other,"Textiles, Apparel & Luxury Goods",10+
Other,Tobacco,0 - 2
Other,Tobacco,2 - 3
Other,Tobacco,3 - 5
Other,Tobacco,5 - 10
Other,Tobacco,10+
Other,Trading,0 - 2
Other,Trading,2 - 3
Other,Trading,3 - 5
Other,Trading,5 - 10
Other,Trading,10+
Other,Transportation,0 - 2
Other,Transportation,2 - 3
Other,Transportation,3 - 5
Other,Transportation,5 - 10
Other,Transportation,10+
Other,Other,0 - 2
Other,Other,2 - 3
Other,Other,3 - 5
Other,Other,5 - 10
Other,Other,10+
Other Scientist or Engineer (Any),"Air, Aerospace & Defense",0 - 2
Other Scientist or Engineer (Any),"Air, Aerospace & Defense",2 - 3
Other Scientist or Engineer (Any),"Air, Aerospace & Defense",3 - 5
Other Scientist or Engineer (Any),"Air, Aerospace & Defense",5 - 10
Other Scientist or Engineer (Any),"Air, Aerospace & Defense",10+
Other Scientist or Engineer (Any),Automotive,0 - 2
Other Scientist or Engineer (Any),Automotive,2 - 3
Other Scientist or Engineer (Any),Automotive,3 - 5
Other Scientist or Engineer (Any),Automotive,5 - 10
Other Scientist or Engineer (Any),Automotive,10+
Other Scientist or Engineer (Any),Building Products,0 - 2
Other Scientist or Engineer (Any),Building Products,2 - 3
Other Scientist or Engineer (Any),Building Products,3 - 5
Other Scientist or Engineer (Any),Building Products,5 - 10
Other Scientist or Engineer (Any),Building Products,10+
Other Scientist or Engineer (Any),Capital Markets,0 - 2
Other Scientist or Engineer (Any),Capital Markets,2 - 3
Other Scientist or Engineer (Any),Capital Markets,3 - 5
Other Scientist or Engineer (Any),Capital Markets,5 - 10
Other Scientist or Engineer (Any),Capital Markets,10+
Other Scientist or Engineer (Any),Commercial Services & Supplies,0 - 2
Other Scientist or Engineer (Any),Commercial Services & Supplies,2 - 3
Other Scientist or Engineer (Any),Commercial Services & Supplies,3 - 5
Other Scientist or Engineer (Any),Commercial Services & Supplies,5 - 10
Other Scientist or Engineer (Any),Commercial Services & Supplies,10+
Other Scientist or Engineer (Any),Communications Equipment,0 - 2
Other Scientist or Engineer (Any),Communications Equipment,2 - 3
Other Scientist or Engineer (Any),Communications Equipment,3 - 5
Other Scientist or Engineer (Any),Communications Equipment,5 - 10
Other Scientist or Engineer (Any),Communications Equipment,10+
Other Scientist or Engineer (Any),Consumer Services,0 - 2
Other Scientist or Engineer (Any),Consumer Services,2 - 3
Other Scientist or Engineer (Any),Consumer Services,3 - 5
Other Scientist or Engineer (Any),Consumer Services,5 - 10
Other Scientist or Engineer (Any),Consumer Services,10+
Other Scientist or Engineer (Any),Finance,0 - 2
Other Scientist or Engineer (Any),Finance,2 - 3
Other Scientist or Engineer (Any),Finance,3 - 5
Other Scientist or Engineer (Any),Finance,5 - 10
Other Scientist or Engineer (Any),Finance,10+
Other Scientist or Engineer (Any),Electronics,0 - 2
Other Scientist or Engineer (Any),Electronics,2 - 3
Other Scientist or Engineer (Any),Electronics,3 - 5
Other Scientist or Engineer (Any),Electronics,5 - 10
Other Scientist or Engineer (Any),Electronics,10+
Other Scientist or Engineer (Any),Energy,0 - 2
Other Scientist or Engineer (Any),Energy,2 - 3
Other Scientist or Engineer (Any),Energy,3 - 5
Other Scientist or Engineer (Any),Energy,5 - 10
Other Scientist or Engineer (Any),Energy,10+
Other Scientist or Engineer (Any),Food & Beverages,0 - 2
Other Scientist or Engineer (Any),Food & Beverages,2 - 3
Other Scientist or Engineer (Any),Food & Beverages,3 - 5
Other Scientist or Engineer (Any),Food & Beverages,5 - 10
Other Scientist or Engineer (Any),Food & Beverages,10+
Other Scientist or Engineer (Any),Health Care,0 - 2
Other Scientist or Engineer (Any),Health Care,2 - 3
Other Scientist or Engineer (Any),Health Care,3 - 5
Other Scientist or Engineer (Any),Health Care,5 - 10
Other Scientist or Engineer (Any),Health Care,10+
Other Scientist or Engineer (Any),Hospitality,0 - 2
Other Scientist or Engineer (Any),Hospitality,2 - 3
Other Scientist or Engineer (Any),Hospitality,3 - 5
Other Scientist or Engineer (Any),Hospitality,5 - 10
Other Scientist or Engineer (Any),Hospitality,10+
Other Scientist or Engineer (Any),Information Technology,0 - 2
Other Scientist or Engineer (Any),Information Technology,2 - 3
Other Scientist or Engineer (Any),Information Technology,3 - 5
Other Scientist or Engineer (Any),Information Technology,5 - 10
Other Scientist or Engineer (Any),Information Technology,10+
Other Scientist or Engineer (Any),Industrial Conglomerates,0 - 2
Other Scientist or Engineer (Any),Industrial Conglomerates,2 - 3
Other Scientist or Engineer (Any),Industrial Conglomerates,3 - 5
Other Scientist or Engineer (Any),Industrial Conglomerates,5 - 10
Other Scientist or Engineer (Any),Industrial Conglomerates,10+
Other Scientist or Engineer (Any),Leisure Products,0 - 2
Other Scientist or Engineer (Any),Leisure Products,2 - 3
Other Scientist or Engineer (Any),Leisure Products,3 - 5
Other Scientist or Engineer (Any),Leisure Products,5 - 10
Other Scientist or Engineer (Any),Leisure Products,10+
Other Scientist or Engineer (Any),Life Sciences,0 - 2
Other Scientist or Engineer (Any),Life Sciences,2 - 3
Other Scientist or Engineer (Any),Life Sciences,3 - 5
Other Scientist or Engineer (Any),Life Sciences,5 - 10
Other Scientist or Engineer (Any),Life Sciences,10+
Other Scientist or Engineer (Any),Machinery,0 - 2
Other Scientist or Engineer (Any),Machinery,2 - 3
Other Scientist or Engineer (Any),Machinery,3 - 5
Other Scientist or Engineer (Any),Machinery,5 - 10
Other Scientist or Engineer (Any),Machinery,10+
Other Scientist or Engineer (Any),Media,0 - 2
Other Scientist or Engineer (Any),Media,2 - 3
Other Scientist or Engineer (Any),Media,3 - 5
Other Scientist or Engineer (Any),Media,5 - 10
Other Scientist or Engineer (Any),Media,10+
Other Scientist or Engineer (Any),Personal Products,0 - 2
Other Scientist or Engineer (Any),Personal Products,2 - 3
Other Scientist or Engineer (Any),Personal Products,3 - 5
Other Scientist or Engineer (Any),Personal Products,5 - 10
Other Scientist or Engineer (Any),Personal Products,10+
Other Scientist or Engineer (Any),Professional Services,0 - 2
Other Scientist or Engineer (Any),Professional Services,2 - 3
Other Scientist or Engineer (Any),Professional Services,3 - 5
Other Scientist or Engineer (Any),Professional Services,5 - 10
Other Scientist or Engineer (Any),Professional Services,10+
Other Scientist or Engineer (Any),Retail,0 - 2
Other Scientist or Engineer (Any),Retail,2 - 3
Other Scientist or Engineer (Any),Retail,3 - 5
Other Scientist or Engineer (Any),Retail,5 - 10
Other Scientist or Engineer (Any),Retail,10+
Other Scientist or Engineer (Any),Real Estate,0 - 2
Other Scientist or Engineer (Any),Real Estate,2 - 3
Other Scientist or Engineer (Any),Real Estate,3 - 5
Other Scientist or Engineer (Any),Real Estate,5 - 10
Other Scientist or Engineer (Any),Real Estate,10+
Other Scientist or Engineer (Any),Road & Rail,0 - 2
Other Scientist or Engineer (Any),Road & Rail,2 - 3
Other Scientist or Engineer (Any),Road & Rail,3 - 5
Other Scientist or Engineer (Any),Road & Rail,5 - 10
Other Scientist or Engineer (Any),Road & Rail,10+
Other Scientist or Engineer (Any),Software,0 - 2
Other Scientist or Engineer (Any),Software,2 - 3
Other Scientist or Engineer (Any),Software,3 - 5
Other Scientist or Engineer (Any),Software,5 - 10
Other Scientist or Engineer (Any),Software,10+
Other Scientist or Engineer (Any),"Textiles, Apparel & Luxury Goods",0 - 2
Other Scientist or Engineer (Any),"Textiles, Apparel & Luxury Goods",2 - 3
Other Scientist or Engineer (Any),"Textiles, Apparel & Luxury Goods",3 - 5
Other Scientist or Engineer (Any),"Textiles, Apparel & Luxury Goods",5 - 10
Other Scientist or Engineer (Any),"Textiles, Apparel & Luxury Goods",10+
Other Scientist or Engineer (Any),Tobacco,0 - 2
Other Scientist or Engineer (Any),Tobacco,2 - 3
Other Scientist or Engineer (Any),Tobacco,3 - 5
Other Scientist or Engineer (Any),Tobacco,5 - 10
Other Scientist or Engineer (Any),Tobacco,10+
Other Scientist or Engineer (Any),Trading,0 - 2
Other Scientist or Engineer (Any),Trading,2 - 3
Other Scientist or Engineer (Any),Trading,3 - 5
Other Scientist or Engineer (Any),Trading,5 - 10
Other Scientist or Engineer (Any),Trading,10+
Other Scientist or Engineer (Any),Transportation,0 - 2
Other Scientist or Engineer (Any),Transportation,2 - 3
Other Scientist or Engineer (Any),Transportation,3 - 5
Other Scientist or Engineer (Any),Transportation,5 - 10
Other Scientist or Engineer (Any),Transportation,10+
Other Scientist or Engineer (Any),Other,0 - 2
Other Scientist or Engineer (Any),Other,2 - 3
Other Scientist or Engineer (Any),Other,3 - 5
Other Scientist or Engineer (Any),Other,5 - 10
Other Scientist or Engineer (Any),Other,10+
Project Management,"Air, Aerospace & Defense",0 - 2
Project Management,"Air, Aerospace & Defense",2 - 3
Project Management,"Air, Aerospace & Defense",3 - 5
Project Management,"Air, Aerospace & Defense",5 - 10
Project Management,"Air, Aerospace & Defense",10+
Project Management,Automotive,0 - 2
Project Management,Automotive,2 - 3
Project Management,Automotive,3 - 5
Project Management,Automotive,5 - 10
Project Management,Automotive,10+
Project Management,Building Products,0 - 2
Project Management,Building Products,2 - 3
Project Management,Building Products,3 - 5
Project Management,Building Products,5 - 10
Project Management,Building Products,10+
Project Management,Capital Markets,0 - 2
Project Management,Capital Markets,2 - 3
Project Management,Capital Markets,3 - 5
Project Management,Capital Markets,5 - 10
Project Management,Capital Markets,10+
Project Management,Commercial Services & Supplies,0 - 2
Project Management,Commercial Services & Supplies,2 - 3
Project Management,Commercial Services & Supplies,3 - 5
Project Management,Commercial Services & Supplies,5 - 10
Project Management,Commercial Services & Supplies,10+
Project Management,Communications Equipment,0 - 2
Project Management,Communications Equipment,2 - 3
Project Management,Communications Equipment,3 - 5
Project Management,Communications Equipment,5 - 10
Project Management,Communications Equipment,10+
Project Management,Consumer Services,0 - 2
Project Management,Consumer Services,2 - 3
Project Management,Consumer Services,3 - 5
Project Management,Consumer Services,5 - 10
Project Management,Consumer Services,10+
Project Management,Finance,0 - 2
Project Management,Finance,2 - 3
Project Management,Finance,3 - 5
Project Management,Finance,5 - 10
Project Management,Finance,10+
Project Management,Electronics,0 - 2
Project Management,Electronics,2 - 3
Project Management,Electronics,3 - 5
Project Management,Electronics,5 - 10
Project Management,Electronics,10+
Project Management,Energy,0 - 2
Project Management,Energy,2 - 3
Project Management,Energy,3 - 5
Project Management,Energy,5 - 10
Project Management,Energy,10+
Project Management,Food & Beverages,0 - 2
Project Management,Food & Beverages,2 - 3
Project Management,Food & Beverages,3 - 5
Project Management,Food & Beverages,5 - 10
Project Management,Food & Beverages,10+
Project Management,Health Care,0 - 2
Project Management,Health Care,2 - 3
Project Management,Health Care,3 - 5
Project Management,Health Care,5 - 10
Project Management,Health Care,10+
Project Management,Hospitality,0 - 2
Project Management,Hospitality,2 - 3
Project Management,Hospitality,3 - 5
Project Management,Hospitality,5 - 10
Project Management,Hospitality,10+
Project Management,Information Technology,0 - 2
Project Management,Information Technology,2 - 3
Project Management,Information Technology,3 - 5
Project Management,Information Technology,5 - 10
Project Management,Information Technology,10+
Project Management,Industrial Conglomerates,0 - 2
Project Management,Industrial Conglomerates,2 - 3
Project Management,Industrial Conglomerates,3 - 5
Project Management,Industrial Conglomerates,5 - 10
Project Management,Industrial Conglomerates,10+
Project Management,Leisure Products,0 - 2
Project Management,Leisure Products,2 - 3
Project Management,Leisure Products,3 - 5
Project Management,Leisure Products,5 - 10
Project Management,Leisure Products,10+
Project Management,Life Sciences,0 - 2
Project Management,Life Sciences,2 - 3
Project Management,Life Sciences,3 - 5
Project Management,Life Sciences,5 - 10
Project Management,Life Sciences,10+
Project Management,Machinery,0 - 2
Project Management,Machinery,2 - 3
Project Management,Machinery,3 - 5
Project Management,Machinery,5 - 10
Project Management,Machinery,10+
Project Management,Media,0 - 2
Project Management,Media,2 - 3
Project Management,Media,3 - 5
Project Management,Media,5 - 10
Project Management,Media,10+
Project Management,Personal Products,0 - 2
Project Management,Personal Products,2 - 3
Project Management,Personal Products,3 - 5
Project Management,Personal Products,5 - 10
Project Management,Personal Products,10+
Project Management,Professional Services,0 - 2
Project Management,Professional Services,2 - 3
Project Management,Professional Services,3 - 5
Project Management,Professional Services,5 - 10
Project Management,Professional Services,10+
Project Management,Retail,0 - 2
Project Management,Retail,2 - 3
Project Management,Retail,3 - 5
Project Management,Retail,5 - 10
Project Management,Retail,10+
Project Management,Real Estate,0 - 2
Project Management,Real Estate,2 - 3
Project Management,Real Estate,3 - 5
Project Management,Real Estate,5 - 10
Project Management,Real Estate,10+
Project Management,Road & Rail,0 - 2
Project Management,Road & Rail,2 - 3
Project Management,Road & Rail,3 - 5
Project Management,Road & Rail,5 - 10
Project Management,Road & Rail,10+
Project Management,Software,0 - 2
Project Management,Software,2 - 3
Project Management,Software,3 - 5
Project Management,Software,5 - 10
Project Management,Software,10+
Project Management,"Textiles, Apparel & Luxury Goods",0 - 2
Project Management,"Textiles, Apparel & Luxury Goods",2 - 3
Project Management,"Textiles, Apparel & Luxury Goods",3 - 5
Project Management,"Textiles, Apparel & Luxury Goods",5 - 10
Project Management,"Textiles, Apparel & Luxury Goods",10+
Project Management,Tobacco,0 - 2
Project Management,Tobacco,2 - 3
Project Management,Tobacco,3 - 5
Project Management,Tobacco,5 - 10
Project Management,Tobacco,10+
Project Management,Trading,0 - 2
Project Management,Trading,2 - 3
Project Management,Trading,3 - 5
Project Management,Trading,5 - 10
Project Management,Trading,10+
Project Management,Transportation,0 - 2
Project Management,Transportation,2 - 3
Project Management,Transportation,3 - 5
Project Management,Transportation,5 - 10
Project Management,Transportation,10+
Project Management,Other,0 - 2
Project Management,Other,2 - 3
Project Management,Other,3 - 5
Project Management,Other,5 - 10
Project Management,Other,10+
Sales,"Air, Aerospace & Defense",0 - 2
Sales,"Air, Aerospace & Defense",2 - 3
Sales,"Air, Aerospace & Defense",3 - 5
Sales,"Air, Aerospace & Defense",5 - 10
Sales,"Air, Aerospace & Defense",10+
Sales,Automotive,0 - 2
Sales,Automotive,2 - 3
Sales,Automotive,3 - 5
Sales,Automotive,5 - 10
Sales,Automotive,10+
Sales,Building Products,0 - 2
Sales,Building Products,2 - 3
Sales,Building Products,3 - 5
Sales,Building Products,5 - 10
Sales,Building Products,10+
Sales,Capital Markets,0 - 2
Sales,Capital Markets,2 - 3
Sales,Capital Markets,3 - 5
Sales,Capital Markets,5 - 10
Sales,Capital Markets,10+
Sales,Commercial Services & Supplies,0 - 2
Sales,Commercial Services & Supplies,2 - 3
Sales,Commercial Services & Supplies,3 - 5
Sales,Commercial Services & Supplies,5 - 10
Sales,Commercial Services & Supplies,10+
Sales,Communications Equipment,0 - 2
Sales,Communications Equipment,2 - 3
Sales,Communications Equipment,3 - 5
Sales,Communications Equipment,5 - 10
Sales,Communications Equipment,10+
Sales,Consumer Services,0 - 2
Sales,Consumer Services,2 - 3
Sales,Consumer Services,3 - 5
Sales,Consumer Services,5 - 10
Sales,Consumer Services,10+
Sales,Finance,0 - 2
Sales,Finance,2 - 3
Sales,Finance,3 - 5
Sales,Finance,5 - 10
Sales,Finance,10+
Sales,Electronics,0 - 2
Sales,Electronics,2 - 3
Sales,Electronics,3 - 5
Sales,Electronics,5 - 10
Sales,Electronics,10+
Sales,Energy,0 - 2
Sales,Energy,2 - 3
Sales,Energy,3 - 5
Sales,Energy,5 - 10
Sales,Energy,10+
Sales,Food & Beverages,0 - 2
Sales,Food & Beverages,2 - 3
Sales,Food & Beverages,3 - 5
Sales,Food & Beverages,5 - 10
Sales,Food & Beverages,10+
Sales,Health Care,0 - 2
Sales,Health Care,2 - 3
Sales,Health Care,3 - 5
Sales,Health Care,5 - 10
Sales,Health Care,10+
Sales,Hospitality,0 - 2
Sales,Hospitality,2 - 3
Sales,Hospitality,3 - 5
Sales,Hospitality,5 - 10
Sales,Hospitality,10+
Sales,Information Technology,0 - 2
Sales,Information Technology,2 - 3
Sales,Information Technology,3 - 5
Sales,Information Technology,5 - 10
Sales,Information Technology,10+
Sales,Industrial Conglomerates,0 - 2
Sales,Industrial Conglomerates,2 - 3
Sales,Industrial Conglomerates,3 - 5
Sales,Industrial Conglomerates,5 - 10
Sales,Industrial Conglomerates,10+
Sales,Leisure Products,0 - 2
Sales,Leisure Products,2 - 3
Sales,Leisure Products,3 - 5
Sales,Leisure Products,5 - 10
Sales,Leisure Products,10+
Sales,Life Sciences,0 - 2
Sales,Life Sciences,2 - 3
Sales,Life Sciences,3 - 5
Sales,Life Sciences,5 - 10
Sales,Life Sciences,10+
Sales,Machinery,0 - 2
Sales,Machinery,2 - 3
Sales,Machinery,3 - 5
Sales,Machinery,5 - 10
Sales,Machinery,10+
Sales,Media,0 - 2
Sales,Media,2 - 3
Sales,Media,3 - 5
Sales,Media,5 - 10
Sales,Media,10+
Sales,Personal Products,0 - 2
Sales,Personal Products,2 - 3
Sales,Personal Products,3 - 5
Sales,Personal Products,5 - 10
Sales,Personal Products,10+
Sales,Professional Services,0 - 2
Sales,Professional Services,2 - 3
Sales,Professional Services,3 - 5
Sales,Professional Services,5 - 10
Sales,Professional Services,10+
Sales,Retail,0 - 2
Sales,Retail,2 - 3
Sales,Retail,3 - 5
Sales,Retail,5 - 10
Sales,Retail,10+
Sales,Real Estate,0 - 2
Sales,Real Estate,2 - 3
Sales,Real Estate,3 - 5
Sales,Real Estate,5 - 10
Sales,Real Estate,10+
Sales,Road & Rail,0 - 2
Sales,Road & Rail,2 - 3
Sales,Road & Rail,3 - 5
Sales,Road & Rail,5 - 10
Sales,Road & Rail,10+
Sales,Software,0 - 2
Sales,Software,2 - 3
Sales,Software,3 - 5
Sales,Software,5 - 10
Sales,Software,10+
Sales,"Textiles, Apparel & Luxury Goods",0 - 2
Sales,"Textiles, Apparel & Luxury Goods",2 - 3
Sales,"Textiles, Apparel & Luxury Goods",3 - 5
Sales,"Textiles, Apparel & Luxury Goods",5 - 10
Sales,"Textiles, Apparel & Luxury Goods",10+
Sales,Tobacco,0 - 2
Sales,Tobacco,2 - 3
Sales,Tobacco,3 - 5
Sales,Tobacco,5 - 10
Sales,Tobacco,10+
Sales,Trading,0 - 2
Sales,Trading,2 - 3
Sales,Trading,3 - 5
Sales,Trading,5 - 10
Sales,Trading,10+
Sales,Transportation,0 - 2
Sales,Transportation,2 - 3
Sales,Transportation,3 - 5
Sales,Transportation,5 - 10
Sales,Transportation,10+
Sales,Other,0 - 2
Sales,Other,2 - 3
Sales,Other,3 - 5
Sales,Other,5 - 10
Sales,Other,10+
"Software/IT Engineer, Developer, or Management","Air, Aerospace & Defense",0 - 2
"Software/IT Engineer, Developer, or Management","Air, Aerospace & Defense",2 - 3
"Software/IT Engineer, Developer, or Management","Air, Aerospace & Defense",3 - 5
"Software/IT Engineer, Developer, or Management","Air, Aerospace & Defense",5 - 10
"Software/IT Engineer, Developer, or Management","Air, Aerospace & Defense",10+
"Software/IT Engineer, Developer, or Management",Automotive,0 - 2
"Software/IT Engineer, Developer, or Management",Automotive,2 - 3
"Software/IT Engineer, Developer, or Management",Automotive,3 - 5
"Software/IT Engineer, Developer, or Management",Automotive,5 - 10
"Software/IT Engineer, Developer, or Management",Automotive,10+
"Software/IT Engineer, Developer, or Management",Building Products,0 - 2
"Software/IT Engineer, Developer, or Management",Building Products,2 - 3
"Software/IT Engineer, Developer, or Management",Building Products,3 - 5
"Software/IT Engineer, Developer, or Management",Building Products,5 - 10
"Software/IT Engineer, Developer, or Management",Building Products,10+
"Software/IT Engineer, Developer, or Management",Capital Markets,0 - 2
"Software/IT Engineer, Developer, or Management",Capital Markets,2 - 3
"Software/IT Engineer, Developer, or Management",Capital Markets,3 - 5
"Software/IT Engineer, Developer, or Management",Capital Markets,5 - 10
"Software/IT Engineer, Developer, or Management",Capital Markets,10+
"Software/IT Engineer, Developer, or Management",Commercial Services & Supplies,0 - 2
"Software/IT Engineer, Developer, or Management",Commercial Services & Supplies,2 - 3
"Software/IT Engineer, Developer, or Management",Commercial Services & Supplies,3 - 5
"Software/IT Engineer, Developer, or Management",Commercial Services & Supplies,5 - 10
"Software/IT Engineer, Developer, or Management",Commercial Services & Supplies,10+
"Software/IT Engineer, Developer, or Management",Communications Equipment,0 - 2
"Software/IT Engineer, Developer, or Management",Communications Equipment,2 - 3
"Software/IT Engineer, Developer, or Management",Communications Equipment,3 - 5
"Software/IT Engineer, Developer, or Management",Communications Equipment,5 - 10
"Software/IT Engineer, Developer, or Management",Communications Equipment,10+
"Software/IT Engineer, Developer, or Management",Consumer Services,0 - 2
"Software/IT Engineer, Developer, or Management",Consumer Services,2 - 3
"Software/IT Engineer, Developer, or Management",Consumer Services,3 - 5
"Software/IT Engineer, Developer, or Management",Consumer Services,5 - 10
"Software/IT Engineer, Developer, or Management",Consumer Services,10+
"Software/IT Engineer, Developer, or Management",Finance,0 - 2
"Software/IT Engineer, Developer, or Management",Finance,2 - 3
"Software/IT Engineer, Developer, or Management",Finance,3 - 5
"Software/IT Engineer, Developer, or Management",Finance,5 - 10
"Software/IT Engineer, Developer, or Management",Finance,10+
"Software/IT Engineer, Developer, or Management",Electronics,0 - 2
"Software/IT Engineer, Developer, or Management",Electronics,2 - 3
"Software/IT Engineer, Developer, or Management",Electronics,3 - 5
"Software/IT Engineer, Developer, or Management",Electronics,5 - 10
"Software/IT Engineer, Developer, or Management",Electronics,10+
"Software/IT Engineer, Developer, or Management",Energy,0 - 2
"Software/IT Engineer, Developer, or Management",Energy,2 - 3
"Software/IT Engineer, Developer, or Management",Energy,3 - 5
"Software/IT Engineer, Developer, or Management",Energy,5 - 10
"Software/IT Engineer, Developer, or Management",Energy,10+
"Software/IT Engineer, Developer, or Management",Food & Beverages,0 - 2
"Software/IT Engineer, Developer, or Management",Food & Beverages,2 - 3
"Software/IT Engineer, Developer, or Management",Food & Beverages,3 - 5
"Software/IT Engineer, Developer, or Management",Food & Beverages,5 - 10
"Software/IT Engineer, Developer, or Management",Food & Beverages,10+
"Software/IT Engineer, Developer, or Management",Health Care,0 - 2
"Software/IT Engineer, Developer, or Management",Health Care,2 - 3
"Software/IT Engineer, Developer, or Management",Health Care,3 - 5
"Software/IT Engineer, Developer, or Management",Health Care,5 - 10
"Software/IT Engineer, Developer, or Management",Health Care,10+
"Software/IT Engineer, Developer, or Management",Hospitality,0 - 2
"Software/IT Engineer, Developer, or Management",Hospitality,2 - 3
"Software/IT Engineer, Developer, or Management",Hospitality,3 - 5
"Software/IT Engineer, Developer, or Management",Hospitality,5 - 10
"Software/IT Engineer, Developer, or Management",Hospitality,10+
"Software/IT Engineer, Developer, or Management",Information Technology,0 - 2
"Software/IT Engineer, Developer, or Management",Information Technology,2 - 3
"Software/IT Engineer, Developer, or Management",Information Technology,3 - 5
"Software/IT Engineer, Developer, or Management",Information Technology,5 - 10
"Software/IT Engineer, Developer, or Management",Information Technology,10+
"Software/IT Engineer, Developer, or Management",Industrial Conglomerates,0 - 2
"Software/IT Engineer, Developer, or Management",Industrial Conglomerates,2 - 3
"Software/IT Engineer, Developer, or Management",Industrial Conglomerates,3 - 5
"Software/IT Engineer, Developer, or Management",Industrial Conglomerates,5 - 10
"Software/IT Engineer, Developer, or Management",Industrial Conglomerates,10+
"Software/IT Engineer, Developer, or Management",Leisure Products,0 - 2
"Software/IT Engineer, Developer, or Management",Leisure Products,2 - 3
"Software/IT Engineer, Developer, or Management",Leisure Products,3 - 5
"Software/IT Engineer, Developer, or Management",Leisure Products,5 - 10
"Software/IT Engineer, Developer, or Management",Leisure Products,10+
"Software/IT Engineer, Developer, or Management",Life Sciences,0 - 2
"Software/IT Engineer, Developer, or Management",Life Sciences,2 - 3
"Software/IT Engineer, Developer, or Management",Life Sciences,3 - 5
"Software/IT Engineer, Developer, or Management",Life Sciences,5 - 10
"Software/IT Engineer, Developer, or Management",Life Sciences,10+
"Software/IT Engineer, Developer, or Management",Machinery,0 - 2
"Software/IT Engineer, Developer, or Management",Machinery,2 - 3
"Software/IT Engineer, Developer, or Management",Machinery,3 - 5
"Software/IT Engineer, Developer, or Management",Machinery,5 - 10
"Software/IT Engineer, Developer, or Management",Machinery,10+
"Software/IT Engineer, Developer, or Management",Media,0 - 2
"Software/IT Engineer, Developer, or Management",Media,2 - 3
"Software/IT Engineer, Developer, or Management",Media,3 - 5
"Software/IT Engineer, Developer, or Management",Media,5 - 10
"Software/IT Engineer, Developer, or Management",Media,10+
"Software/IT Engineer, Developer, or Management",Personal Products,0 - 2
"Software/IT Engineer, Developer, or Management",Personal Products,2 - 3
"Software/IT Engineer, Developer, or Management",Personal Products,3 - 5
"Software/IT Engineer, Developer, or Management",Personal Products,5 - 10
"Software/IT Engineer, Developer, or Management",Personal Products,10+
"Software/IT Engineer, Developer, or Management",Professional Services,0 - 2
"Software/IT Engineer, Developer, or Management",Professional Services,2 - 3
"Software/IT Engineer, Developer, or Management",Professional Services,3 - 5
"Software/IT Engineer, Developer, or Management",Professional Services,5 - 10
"Software/IT Engineer, Developer, or Management",Professional Services,10+
"Software/IT Engineer, Developer, or Management",Retail,0 - 2
"Software/IT Engineer, Developer, or Management",Retail,2 - 3
"Software/IT Engineer, Developer, or Management",Retail,3 - 5
"Software/IT Engineer, Developer, or Management",Retail,5 - 10
"Software/IT Engineer, Developer, or Management",Retail,10+
"Software/IT Engineer, Developer, or Management",Real Estate,0 - 2
"Software/IT Engineer, Developer, or Management",Real Estate,2 - 3
"Software/IT Engineer, Developer, or Management",Real Estate,3 - 5
"Software/IT Engineer, Developer, or Management",Real Estate,5 - 10
"Software/IT Engineer, Developer, or Management",Real Estate,10+
"Software/IT Engineer, Developer, or Management",Road & Rail,0 - 2
"Software/IT Engineer, Developer, or Management",Road & Rail,2 - 3
"Software/IT Engineer, Developer, or Management",Road & Rail,3 - 5
"Software/IT Engineer, Developer, or Management",Road & Rail,5 - 10
"Software/IT Engineer, Developer, or Management",Road & Rail,10+
"Software/IT Engineer, Developer, or Management",Software,0 - 2
"Software/IT Engineer, Developer, or Management",Software,2 - 3
"Software/IT Engineer, Developer, or Management",Software,3 - 5
"Software/IT Engineer, Developer, or Management",Software,5 - 10
"Software/IT Engineer, Developer, or Management",Software,10+
"Software/IT Engineer, Developer, or Management","Textiles, Apparel & Luxury Goods",0 - 2
"Software/IT Engineer, Developer, or Management","Textiles, Apparel & Luxury Goods",2 - 3
"Software/IT Engineer, Developer, or Management","Textiles, Apparel & Luxury Goods",3 - 5
"Software/IT Engineer, Developer, or Management","Textiles, Apparel & Luxury Goods",5 - 10
"Software/IT Engineer, Developer, or Management","Textiles, Apparel & Luxury Goods",10+
"Software/IT Engineer, Developer, or Management",Tobacco,0 - 2
"Software/IT Engineer, Developer, or Management",Tobacco,2 - 3
"Software/IT Engineer, Developer, or Management",Tobacco,3 - 5
"Software/IT Engineer, Developer, or Management",Tobacco,5 - 10
"Software/IT Engineer, Developer, or Management",Tobacco,10+
"Software/IT Engineer, Developer, or Management",Trading,0 - 2
"Software/IT Engineer, Developer, or Management",Trading,2 - 3
"Software/IT Engineer, Developer, or Management",Trading,3 - 5
"Software/IT Engineer, Developer, or Management",Trading,5 - 10
"Software/IT Engineer, Developer, or Management",Trading,10+
"Software/IT Engineer, Developer, or Management",Transportation,0 - 2
"Software/IT Engineer, Developer, or Management",Transportation,2 - 3
"Software/IT Engineer, Developer, or Management",Transportation,3 - 5
"Software/IT Engineer, Developer, or Management",Transportation,5 - 10
"Software/IT Engineer, Developer, or Management",Transportation,10+
"Software/IT Engineer, Developer, or Management",Other,0 - 2
"Software/IT Engineer, Developer, or Management",Other,2 - 3
"Software/IT Engineer, Developer, or Management",Other,3 - 5
"Software/IT Engineer, Developer, or Management",Other,5 - 10
"Software/IT Engineer, Developer, or Management",Other,10+
Technical Consultant,"Air, Aerospace & Defense",0 - 2
Technical Consultant,"Air, Aerospace & Defense",2 - 3
Technical Consultant,"Air, Aerospace & Defense",3 - 5
Technical Consultant,"Air, Aerospace & Defense",5 - 10
Technical Consultant,"Air, Aerospace & Defense",10+
Technical Consultant,Automotive,0 - 2
Technical Consultant,Automotive,2 - 3
Technical Consultant,Automotive,3 - 5
Technical Consultant,Automotive,5 - 10
Technical Consultant,Automotive,10+
Technical Consultant,Building Products,0 - 2
Technical Consultant,Building Products,2 - 3
Technical Consultant,Building Products,3 - 5
Technical Consultant,Building Products,5 - 10
Technical Consultant,Building Products,10+
Technical Consultant,Capital Markets,0 - 2
Technical Consultant,Capital Markets,2 - 3
Technical Consultant,Capital Markets,3 - 5
Technical Consultant,Capital Markets,5 - 10
Technical Consultant,Capital Markets,10+
Technical Consultant,Commercial Services & Supplies,0 - 2
Technical Consultant,Commercial Services & Supplies,2 - 3
Technical Consultant,Commercial Services & Supplies,3 - 5
Technical Consultant,Commercial Services & Supplies,5 - 10
Technical Consultant,Commercial Services & Supplies,10+
Technical Consultant,Communications Equipment,0 - 2
Technical Consultant,Communications Equipment,2 - 3
Technical Consultant,Communications Equipment,3 - 5
Technical Consultant,Communications Equipment,5 - 10
Technical Consultant,Communications Equipment,10+
Technical Consultant,Consumer Services,0 - 2
Technical Consultant,Consumer Services,2 - 3
Technical Consultant,Consumer Services,3 - 5
Technical Consultant,Consumer Services,5 - 10
Technical Consultant,Consumer Services,10+
Technical Consultant,Finance,0 - 2
Technical Consultant,Finance,2 - 3
Technical Consultant,Finance,3 - 5
Technical Consultant,Finance,5 - 10
Technical Consultant,Finance,10+
Technical Consultant,Electronics,0 - 2
Technical Consultant,Electronics,2 - 3
Technical Consultant,Electronics,3 - 5
Technical Consultant,Electronics,5 - 10
Technical Consultant,Electronics,10+
Technical Consultant,Energy,0 - 2
Technical Consultant,Energy,2 - 3
Technical Consultant,Energy,3 - 5
Technical Consultant,Energy,5 - 10
Technical Consultant,Energy,10+
Technical Consultant,Food & Beverages,0 - 2
Technical Consultant,Food & Beverages,2 - 3
Technical Consultant,Food & Beverages,3 - 5
Technical Consultant,Food & Beverages,5 - 10
Technical Consultant,Food & Beverages,10+
Technical Consultant,Health Care,0 - 2
Technical Consultant,Health Care,2 - 3
Technical Consultant,Health Care,3 - 5
Technical Consultant,Health Care,5 - 10
Technical Consultant,Health Care,10+
Technical Consultant,Hospitality,0 - 2
Technical Consultant,Hospitality,2 - 3
Technical Consultant,Hospitality,3 - 5
Technical Consultant,Hospitality,5 - 10
Technical Consultant,Hospitality,10+
Technical Consultant,Information Technology,0 - 2
Technical Consultant,Information Technology,2 - 3
Technical Consultant,Information Technology,3 - 5
Technical Consultant,Information Technology,5 - 10
Technical Consultant,Information Technology,10+
Technical Consultant,Industrial Conglomerates,0 - 2
Technical Consultant,Industrial Conglomerates,2 - 3
Technical Consultant,Industrial Conglomerates,3 - 5
Technical Consultant,Industrial Conglomerates,5 - 10
Technical Consultant,Industrial Conglomerates,10+
Technical Consultant,Leisure Products,0 - 2
Technical Consultant,Leisure Products,2 - 3
Technical Consultant,Leisure Products,3 - 5
Technical Consultant,Leisure Products,5 - 10
Technical Consultant,Leisure Products,10+
Technical Consultant,Life Sciences,0 - 2
Technical Consultant,Life Sciences,2 - 3
Technical Consultant,Life Sciences,3 - 5
Technical Consultant,Life Sciences,5 - 10
Technical Consultant,Life Sciences,10+
Technical Consultant,Machinery,0 - 2
Technical Consultant,Machinery,2 - 3
Technical Consultant,Machinery,3 - 5
Technical Consultant,Machinery,5 - 10
Technical Consultant,Machinery,10+
Technical Consultant,Media,0 - 2
Technical Consultant,Media,2 - 3
Technical Consultant,Media,3 - 5
Technical Consultant,Media,5 - 10
Technical Consultant,Media,10+
Technical Consultant,Personal Products,0 - 2
Technical Consultant,Personal Products,2 - 3
Technical Consultant,Personal Products,3 - 5
Technical Consultant,Personal Products,5 - 10
Technical Consultant,Personal Products,10+
Technical Consultant,Professional Services,0 - 2
Technical Consultant,Professional Services,2 - 3
Technical Consultant,Professional Services,3 - 5
Technical Consultant,Professional Services,5 - 10
Technical Consultant,Professional Services,10+
Technical Consultant,Retail,0 - 2
Technical Consultant,Retail,2 - 3
Technical Consultant,Retail,3 - 5
Technical Consultant,Retail,5 - 10
Technical Consultant,Retail,10+
Technical Consultant,Real Estate,0 - 2
Technical Consultant,Real Estate,2 - 3
Technical Consultant,Real Estate,3 - 5
Technical Consultant,Real Estate,5 - 10
Technical Consultant,Real Estate,10+
Technical Consultant,Road & Rail,0 - 2
Technical Consultant,Road & Rail,2 - 3
Technical Consultant,Road & Rail,3 - 5
Technical Consultant,Road & Rail,5 - 10
Technical Consultant,Road & Rail,10+
Technical Consultant,Software,0 - 2
Technical Consultant,Software,2 - 3
Technical Consultant,Software,3 - 5
Technical Consultant,Software,5 - 10
Technical Consultant,Software,10+
Technical Consultant,"Textiles, Apparel & Luxury Goods",0 - 2
Technical Consultant,"Textiles, Apparel & Luxury Goods",2 - 3
Technical Consultant,"Textiles, Apparel & Luxury Goods",3 - 5
Technical Consultant,"Textiles, Apparel & Luxury Goods",5 - 10
Technical Consultant,"Textiles, Apparel & Luxury Goods",10+
Technical Consultant,Tobacco,0 - 2
Technical Consultant,Tobacco,2 - 3
Technical Consultant,Tobacco,3 - 5
Technical Consultant,Tobacco,5 - 10
Technical Consultant,Tobacco,10+
Technical Consultant,Trading,0 - 2
Technical Consultant,Trading,2 - 3
Technical Consultant,Trading,3 - 5
Technical Consultant,Trading,5 - 10
Technical Consultant,Trading,10+
Technical Consultant,Transportation,0 - 2
Technical Consultant,Transportation,2 - 3
Technical Consultant,Transportation,3 - 5
Technical Consultant,Transportation,5 - 10
Technical Consultant,Transportation,10+
Technical Consultant,Other,0 - 2
Technical Consultant,Other,2 - 3
Technical Consultant,Other,3 - 5
Technical Consultant,Other,5 - 10
Technical Consultant,Other,10+
