Position:,Field:,Length (Years):
Instructor / Teacher,Artificial Intelligence,0 - 2
Instructor / Teacher,Artificial Intelligence,2 - 3
Instructor / Teacher,Artificial Intelligence,3 - 5
Instructor / Teacher,Artificial Intelligence,5 - 10
Instructor / Teacher,Artificial Intelligence,10+
Instructor / Teacher,"Business, Operations, or Organizations",0 - 2
Instructor / Teacher,"Business, Operations, or Organizations",2 - 3
Instructor / Teacher,"Business, Operations, or Organizations",3 - 5
Instructor / Teacher,"Business, Operations, or Organizations",5 - 10
Instructor / Teacher,"Business, Operations, or Organizations",10+
Instructor / Teacher,Computer Science,0 - 2
Instructor / Teacher,Computer Science,2 - 3
Instructor / Teacher,Computer Science,3 - 5
Instructor / Teacher,Computer Science,5 - 10
Instructor / Teacher,Computer Science,10+
Instructor / Teacher,Economics,0 - 2
Instructor / Teacher,Economics,2 - 3
Instructor / Teacher,Economics,3 - 5
Instructor / Teacher,Economics,5 - 10
Instructor / Teacher,Economics,10+
Instructor / Teacher,"Engineering, General",0 - 2
Instructor / Teacher,"Engineering, General",2 - 3
Instructor / Teacher,"Engineering, General",3 - 5
Instructor / Teacher,"Engineering, General",5 - 10
Instructor / Teacher,"Engineering, General",10+
Instructor / Teacher,Machine Learning,0 - 2
Instructor / Teacher,Machine Learning,2 - 3
Instructor / Teacher,Machine Learning,3 - 5
Instructor / Teacher,Machine Learning,5 - 10
Instructor / Teacher,Machine Learning,10+
Instructor / Teacher,Mathematics,0 - 2
Instructor / Teacher,Mathematics,2 - 3
Instructor / Teacher,Mathematics,3 - 5
Instructor / Teacher,Mathematics,5 - 10
Instructor / Teacher,Mathematics,10+
Instructor / Teacher,Other,0 - 2
Instructor / Teacher,Other,2 - 3
Instructor / Teacher,Other,3 - 5
Instructor / Teacher,Other,5 - 10
Instructor / Teacher,Other,10+
Instructor / Teacher,Other STEM,0 - 2
Instructor / Teacher,Other STEM,2 - 3
Instructor / Teacher,Other STEM,3 - 5
Instructor / Teacher,Other STEM,5 - 10
Instructor / Teacher,Other STEM,10+
Instructor / Teacher,Physics,0 - 2
Instructor / Teacher,Physics,2 - 3
Instructor / Teacher,Physics,3 - 5
Instructor / Teacher,Physics,5 - 10
Instructor / Teacher,Physics,10+
Instructor / Teacher,Robotics,0 - 2
Instructor / Teacher,Robotics,2 - 3
Instructor / Teacher,Robotics,3 - 5
Instructor / Teacher,Robotics,5 - 10
Instructor / Teacher,Robotics,10+
Instructor / Teacher,Statistics,0 - 2
Instructor / Teacher,Statistics,2 - 3
Instructor / Teacher,Statistics,3 - 5
Instructor / Teacher,Statistics,5 - 10
Instructor / Teacher,Statistics,10+
Other,Artificial Intelligence,0 - 2
Other,Artificial Intelligence,2 - 3
Other,Artificial Intelligence,3 - 5
Other,Artificial Intelligence,5 - 10
Other,Artificial Intelligence,10+
Other,"Business, Operations, or Organizations",0 - 2
Other,"Business, Operations, or Organizations",2 - 3
Other,"Business, Operations, or Organizations",3 - 5
Other,"Business, Operations, or Organizations",5 - 10
Other,"Business, Operations, or Organizations",10+
Other,Computer Science,0 - 2
Other,Computer Science,2 - 3
Other,Computer Science,3 - 5
Other,Computer Science,5 - 10
Other,Computer Science,10+
Other,Economics,0 - 2
Other,Economics,2 - 3
Other,Economics,3 - 5
Other,Economics,5 - 10
Other,Economics,10+
Other,"Engineering, General",0 - 2
Other,"Engineering, General",2 - 3
Other,"Engineering, General",3 - 5
Other,"Engineering, General",5 - 10
Other,"Engineering, General",10+
Other,Machine Learning,0 - 2
Other,Machine Learning,2 - 3
Other,Machine Learning,3 - 5
Other,Machine Learning,5 - 10
Other,Machine Learning,10+
Other,Mathematics,0 - 2
Other,Mathematics,2 - 3
Other,Mathematics,3 - 5
Other,Mathematics,5 - 10
Other,Mathematics,10+
Other,Other,0 - 2
Other,Other,2 - 3
Other,Other,3 - 5
Other,Other,5 - 10
Other,Other,10+
Other,Other STEM,0 - 2
Other,Other STEM,2 - 3
Other,Other STEM,3 - 5
Other,Other STEM,5 - 10
Other,Other STEM,10+
Other,Physics,0 - 2
Other,Physics,2 - 3
Other,Physics,3 - 5
Other,Physics,5 - 10
Other,Physics,10+
Other,Robotics,0 - 2
Other,Robotics,2 - 3
Other,Robotics,3 - 5
Other,Robotics,5 - 10
Other,Robotics,10+
Other,Statistics,0 - 2
Other,Statistics,2 - 3
Other,Statistics,3 - 5
Other,Statistics,5 - 10
Other,Statistics,10+
Postgraduate Student,Artificial Intelligence,0 - 2
Postgraduate Student,Artificial Intelligence,2 - 3
Postgraduate Student,Artificial Intelligence,3 - 5
Postgraduate Student,Artificial Intelligence,5 - 10
Postgraduate Student,Artificial Intelligence,10+
Postgraduate Student,"Business, Operations, or Organizations",0 - 2
Postgraduate Student,"Business, Operations, or Organizations",2 - 3
Postgraduate Student,"Business, Operations, or Organizations",3 - 5
Postgraduate Student,"Business, Operations, or Organizations",5 - 10
Postgraduate Student,"Business, Operations, or Organizations",10+
Postgraduate Student,Computer Science,0 - 2
Postgraduate Student,Computer Science,2 - 3
Postgraduate Student,Computer Science,3 - 5
Postgraduate Student,Computer Science,5 - 10
Postgraduate Student,Computer Science,10+
Postgraduate Student,Economics,0 - 2
Postgraduate Student,Economics,2 - 3
Postgraduate Student,Economics,3 - 5
Postgraduate Student,Economics,5 - 10
Postgraduate Student,Economics,10+
Postgraduate Student,"Engineering, General",0 - 2
Postgraduate Student,"Engineering, General",2 - 3
Postgraduate Student,"Engineering, General",3 - 5
Postgraduate Student,"Engineering, General",5 - 10
Postgraduate Student,"Engineering, General",10+
Postgraduate Student,Machine Learning,0 - 2
Postgraduate Student,Machine Learning,2 - 3
Postgraduate Student,Machine Learning,3 - 5
Postgraduate Student,Machine Learning,5 - 10
Postgraduate Student,Machine Learning,10+
Postgraduate Student,Mathematics,0 - 2
Postgraduate Student,Mathematics,2 - 3
Postgraduate Student,Mathematics,3 - 5
Postgraduate Student,Mathematics,5 - 10
Postgraduate Student,Mathematics,10+
Postgraduate Student,Other,0 - 2
Postgraduate Student,Other,2 - 3
Postgraduate Student,Other,3 - 5
Postgraduate Student,Other,5 - 10
Postgraduate Student,Other,10+
Postgraduate Student,Other STEM,0 - 2
Postgraduate Student,Other STEM,2 - 3
Postgraduate Student,Other STEM,3 - 5
Postgraduate Student,Other STEM,5 - 10
Postgraduate Student,Other STEM,10+
Postgraduate Student,Physics,0 - 2
Postgraduate Student,Physics,2 - 3
Postgraduate Student,Physics,3 - 5
Postgraduate Student,Physics,5 - 10
Postgraduate Student,Physics,10+
Postgraduate Student,Robotics,0 - 2
Postgraduate Student,Robotics,2 - 3
Postgraduate Student,Robotics,3 - 5
Postgraduate Student,Robotics,5 - 10
Postgraduate Student,Robotics,10+
Postgraduate Student,Statistics,0 - 2
Postgraduate Student,Statistics,2 - 3
Postgraduate Student,Statistics,3 - 5
Postgraduate Student,Statistics,5 - 10
Postgraduate Student,Statistics,10+
Professor (Any),Artificial Intelligence,0 - 2
Professor (Any),Artificial Intelligence,2 - 3
Professor (Any),Artificial Intelligence,3 - 5
Professor (Any),Artificial Intelligence,5 - 10
Professor (Any),Artificial Intelligence,10+
Professor (Any),"Business, Operations, or Organizations",0 - 2
Professor (Any),"Business, Operations, or Organizations",2 - 3
Professor (Any),"Business, Operations, or Organizations",3 - 5
Professor (Any),"Business, Operations, or Organizations",5 - 10
Professor (Any),"Business, Operations, or Organizations",10+
Professor (Any),Computer Science,0 - 2
Professor (Any),Computer Science,2 - 3
Professor (Any),Computer Science,3 - 5
Professor (Any),Computer Science,5 - 10
Professor (Any),Computer Science,10+
Professor (Any),Economics,0 - 2
Professor (Any),Economics,2 - 3
Professor (Any),Economics,3 - 5
Professor (Any),Economics,5 - 10
Professor (Any),Economics,10+
Professor (Any),"Engineering, General",0 - 2
Professor (Any),"Engineering, General",2 - 3
Professor (Any),"Engineering, General",3 - 5
Professor (Any),"Engineering, General",5 - 10
Professor (Any),"Engineering, General",10+
Professor (Any),Machine Learning,0 - 2
Professor (Any),Machine Learning,2 - 3
Professor (Any),Machine Learning,3 - 5
Professor (Any),Machine Learning,5 - 10
Professor (Any),Machine Learning,10+
Professor (Any),Mathematics,0 - 2
Professor (Any),Mathematics,2 - 3
Professor (Any),Mathematics,3 - 5
Professor (Any),Mathematics,5 - 10
Professor (Any),Mathematics,10+
Professor (Any),Other,0 - 2
Professor (Any),Other,2 - 3
Professor (Any),Other,3 - 5
Professor (Any),Other,5 - 10
Professor (Any),Other,10+
Professor (Any),Other STEM,0 - 2
Professor (Any),Other STEM,2 - 3
Professor (Any),Other STEM,3 - 5
Professor (Any),Other STEM,5 - 10
Professor (Any),Other STEM,10+
Professor (Any),Physics,0 - 2
Professor (Any),Physics,2 - 3
Professor (Any),Physics,3 - 5
Professor (Any),Physics,5 - 10
Professor (Any),Physics,10+
Professor (Any),Robotics,0 - 2
Professor (Any),Robotics,2 - 3
Professor (Any),Robotics,3 - 5
Professor (Any),Robotics,5 - 10
Professor (Any),Robotics,10+
Professor (Any),Statistics,0 - 2
Professor (Any),Statistics,2 - 3
Professor (Any),Statistics,3 - 5
Professor (Any),Statistics,5 - 10
Professor (Any),Statistics,10+
Researcher or Fellow,Artificial Intelligence,0 - 2
Researcher or Fellow,Artificial Intelligence,2 - 3
Researcher or Fellow,Artificial Intelligence,3 - 5
Researcher or Fellow,Artificial Intelligence,5 - 10
Researcher or Fellow,Artificial Intelligence,10+
Researcher or Fellow,"Business, Operations, or Organizations",0 - 2
Researcher or Fellow,"Business, Operations, or Organizations",2 - 3
Researcher or Fellow,"Business, Operations, or Organizations",3 - 5
Researcher or Fellow,"Business, Operations, or Organizations",5 - 10
Researcher or Fellow,"Business, Operations, or Organizations",10+
Researcher or Fellow,Computer Science,0 - 2
Researcher or Fellow,Computer Science,2 - 3
Researcher or Fellow,Computer Science,3 - 5
Researcher or Fellow,Computer Science,5 - 10
Researcher or Fellow,Computer Science,10+
Researcher or Fellow,Economics,0 - 2
Researcher or Fellow,Economics,2 - 3
Researcher or Fellow,Economics,3 - 5
Researcher or Fellow,Economics,5 - 10
Researcher or Fellow,Economics,10+
Researcher or Fellow,"Engineering, General",0 - 2
Researcher or Fellow,"Engineering, General",2 - 3
Researcher or Fellow,"Engineering, General",3 - 5
Researcher or Fellow,"Engineering, General",5 - 10
Researcher or Fellow,"Engineering, General",10+
Researcher or Fellow,Machine Learning,0 - 2
Researcher or Fellow,Machine Learning,2 - 3
Researcher or Fellow,Machine Learning,3 - 5
Researcher or Fellow,Machine Learning,5 - 10
Researcher or Fellow,Machine Learning,10+
Researcher or Fellow,Mathematics,0 - 2
Researcher or Fellow,Mathematics,2 - 3
Researcher or Fellow,Mathematics,3 - 5
Researcher or Fellow,Mathematics,5 - 10
Researcher or Fellow,Mathematics,10+
Researcher or Fellow,Other,0 - 2
Researcher or Fellow,Other,2 - 3
Researcher or Fellow,Other,3 - 5
Researcher or Fellow,Other,5 - 10
Researcher or Fellow,Other,10+
Researcher or Fellow,Other STEM,0 - 2
Researcher or Fellow,Other STEM,2 - 3
Researcher or Fellow,Other STEM,3 - 5
Researcher or Fellow,Other STEM,5 - 10
Researcher or Fellow,Other STEM,10+
Researcher or Fellow,Physics,0 - 2
Researcher or Fellow,Physics,2 - 3
Researcher or Fellow,Physics,3 - 5
Researcher or Fellow,Physics,5 - 10
Researcher or Fellow,Physics,10+
Researcher or Fellow,Robotics,0 - 2
Researcher or Fellow,Robotics,2 - 3
Researcher or Fellow,Robotics,3 - 5
Researcher or Fellow,Robotics,5 - 10
Researcher or Fellow,Robotics,10+
Researcher or Fellow,Statistics,0 - 2
Researcher or Fellow,Statistics,2 - 3
Researcher or Fellow,Statistics,3 - 5
Researcher or Fellow,Statistics,5 - 10
Researcher or Fellow,Statistics,10+
Undergraduate Student,Artificial Intelligence,0 - 2
Undergraduate Student,Artificial Intelligence,2 - 3
Undergraduate Student,Artificial Intelligence,3 - 5
Undergraduate Student,Artificial Intelligence,5 - 10
Undergraduate Student,Artificial Intelligence,10+
Undergraduate Student,"Business, Operations, or Organizations",0 - 2
Undergraduate Student,"Business, Operations, or Organizations",2 - 3
Undergraduate Student,"Business, Operations, or Organizations",3 - 5
Undergraduate Student,"Business, Operations, or Organizations",5 - 10
Undergraduate Student,"Business, Operations, or Organizations",10+
Undergraduate Student,Computer Science,0 - 2
Undergraduate Student,Computer Science,2 - 3
Undergraduate Student,Computer Science,3 - 5
Undergraduate Student,Computer Science,5 - 10
Undergraduate Student,Computer Science,10+
Undergraduate Student,Economics,0 - 2
Undergraduate Student,Economics,2 - 3
Undergraduate Student,Economics,3 - 5
Undergraduate Student,Economics,5 - 10
Undergraduate Student,Economics,10+
Undergraduate Student,"Engineering, General",0 - 2
Undergraduate Student,"Engineering, General",2 - 3
Undergraduate Student,"Engineering, General",3 - 5
Undergraduate Student,"Engineering, General",5 - 10
Undergraduate Student,"Engineering, General",10+
Undergraduate Student,Machine Learning,0 - 2
Undergraduate Student,Machine Learning,2 - 3
Undergraduate Student,Machine Learning,3 - 5
Undergraduate Student,Machine Learning,5 - 10
Undergraduate Student,Machine Learning,10+
Undergraduate Student,Mathematics,0 - 2
Undergraduate Student,Mathematics,2 - 3
Undergraduate Student,Mathematics,3 - 5
Undergraduate Student,Mathematics,5 - 10
Undergraduate Student,Mathematics,10+
Undergraduate Student,Other,0 - 2
Undergraduate Student,Other,2 - 3
Undergraduate Student,Other,3 - 5
Undergraduate Student,Other,5 - 10
Undergraduate Student,Other,10+
Undergraduate Student,Other STEM,0 - 2
Undergraduate Student,Other STEM,2 - 3
Undergraduate Student,Other STEM,3 - 5
Undergraduate Student,Other STEM,5 - 10
Undergraduate Student,Other STEM,10+
Undergraduate Student,Physics,0 - 2
Undergraduate Student,Physics,2 - 3
Undergraduate Student,Physics,3 - 5
Undergraduate Student,Physics,5 - 10
Undergraduate Student,Physics,10+
Undergraduate Student,Robotics,0 - 2
Undergraduate Student,Robotics,2 - 3
Undergraduate Student,Robotics,3 - 5
Undergraduate Student,Robotics,5 - 10
Undergraduate Student,Robotics,10+
Undergraduate Student,Statistics,0 - 2
Undergraduate Student,Statistics,2 - 3
Undergraduate Student,Statistics,3 - 5
Undergraduate Student,Statistics,5 - 10
Undergraduate Student,Statistics,10+
